{"RP16":{"thickness":[0.1995830038,0.3038169962],"density":[278.6,227.4],"ssa":[31.0803692447,13.1042129929],"temperature":[243.4499969482,254.8499908447],"p_ex":[0.0000912364,0.0002484401],"grain_type":["R","H"]},"RP17":{"thickness":[0.1831831165,0.2854168835],"density":[315.3,226.4],"ssa":[33.2399804649,13.1562485468],"temperature":[245.1499938965,254.6499938965],"p_ex":[0.0000795261,0.0002484401],"grain_type":["R","H"]},"RP18":{"thickness":[0.1786527573,0.2814972427],"density":[317.2,227.0],"ssa":[32.682446595,13.1325142688],"temperature":[243.4499969482,253.049987793],"p_ex":[0.0000796343,0.0002505662],"grain_type":["R","H"]},"RP19":{"thickness":[0.1615842068,0.2706157932],"density":[329.1,227.6],"ssa":[32.682446595,12.8000490363],"temperature":[243.4499969482,253.049987793],"p_ex":[0.0000794179,0.0002568232],"grain_type":["R","H"]},"RP20":{"thickness":[0.1663859649,0.3078140351],"density":[334.8,228.2],"ssa":[32.682446595,12.6781226348],"temperature":[243.4499969482,252.25],"p_ex":[0.0000793349,0.0002590131],"grain_type":["R","H"]},"RP21":{"thickness":[0.1527649328,0.2934350672],"density":[331.05,228.2],"ssa":[32.5215153908,12.7063975214],"temperature":[243.4499969482,251.9499969482],"p_ex":[0.0000805658,0.0002576027],"grain_type":["R","H"]},"RP22":{"thickness":[0.168,0.3192],"density":[329.7,228.6],"ssa":[32.5086225981,12.6207698774],"temperature":[243.1499938965,251.9499969482],"p_ex":[0.0000810255,0.0002593312],"grain_type":["R","H"]},"RP23":{"thickness":[0.1592478632,0.3065521368],"density":[323.9,228.6],"ssa":[31.7631070641,12.6576580346],"temperature":[243.4499969482,252.6499938965],"p_ex":[0.0000864741,0.000259014],"grain_type":["R","H"]},"RP24":{"thickness":[0.1722758621,0.3273241379],"density":[323.9,228.55],"ssa":[31.6969018613,12.6938869481],"temperature":[243.4499969482,252.75],"p_ex":[0.0000864741,0.0002576754],"grain_type":["R","H"]},"RP25":{"thickness":[0.1616551724,0.3071448276],"density":[324.9,228.6],"ssa":[31.6274388295,12.6207698774],"temperature":[243.75,253.049987793],"p_ex":[0.0000865133,0.00025987],"grain_type":["R","H"]},"RP26":{"thickness":[0.1416206897,0.2690793103],"density":[326.2,228.7],"ssa":[31.5161498994,12.5846924451],"temperature":[245.1499938965,253.049987793],"p_ex":[0.0000865524,0.0002603268],"grain_type":["R","H"]},"RP27":{"thickness":[0.1656410256,0.3188589744],"density":[327.5,228.7],"ssa":[31.5094091279,12.5568176301],"temperature":[244.1499938965,253.049987793],"p_ex":[0.0000862376,0.0002609537],"grain_type":["R","H"]},"RP28":{"thickness":[0.1570628571,0.3010371429],"density":[330.35,228.7],"ssa":[31.5094091279,12.5463174852],"temperature":[244.1499938965,253.049987793],"p_ex":[0.0000850244,0.0002608991],"grain_type":["R","H"]},"RP29":{"thickness":[0.1582904564,0.3185595436],"density":[329.5,228.825],"ssa":[31.4804076156,12.5157104959],"temperature":[244.3499908447,254.0249900818],"p_ex":[0.0000854931,0.0002609216],"grain_type":["R","H"]},"RP30":{"thickness":[0.1632272727,0.3155727273],"density":[331.8,228.9],"ssa":[31.5782755626,12.5418980404],"temperature":[245.25,253.549987793],"p_ex":[0.0000843329,0.0002603415],"grain_type":["R","H"]},"RP31":{"thickness":[0.1338632479,0.2576867521],"density":[334.75,229.0],"ssa":[31.6989369982,12.4838973227],"temperature":[245.6499938965,253.049987793],"p_ex":[0.0000838028,0.0002611428],"grain_type":["R","H"]},"SD02":{"thickness":[0.1648421053,0.3049578947],"density":[335.8,228.9],"ssa":[31.7484088196,12.4786136888],"temperature":[246.049987793,253.049987793],"p_ex":[0.0000847394,0.0002612017],"grain_type":["R","H"]},"SM02":{"thickness":[0.1544470588,0.2831529412],"density":[335.8,229.0],"ssa":[32.028319537,12.4607190926],"temperature":[246.049987793,253.549987793],"p_ex":[0.0000848558,0.0002615078],"grain_type":["R","H"]},"SO02":{"thickness":[0.1347964602,0.2460035398],"density":[335.8,229.0],"ssa":[31.8080587447,12.4903893099],"temperature":[246.049987793,253.25],"p_ex":[0.000085396,0.0002611036],"grain_type":["R","H"]},"ST02":{"thickness":[0.1586548673,0.2895451327],"density":[338.5,229.0],"ssa":[32.083174552,12.4604548844],"temperature":[246.049987793,253.25],"p_ex":[0.0000838094,0.0002616532],"grain_type":["R","H"]},"SV02":{"thickness":[0.1137678571,0.2047821429],"density":[335.6,229.1],"ssa":[31.8015004284,12.4459353319],"temperature":[245.6499938965,253.049987793],"p_ex":[0.0000852946,0.0002617546],"grain_type":["R","H"]}}